<?xml version="1.0" encoding="UTF-8"?>
<project-private xmlns="http://www.netbeans.org/ns/project-private/1">
    <editor-bookmarks xmlns="http://www.netbeans.org/ns/editor-bookmarks/2" lastBookmarkId="0"/>
    <open-files xmlns="http://www.netbeans.org/ns/projectui-open-files/2">
        <group>
            <file>file:/C:/Users/DCDS/Documents/Universidad-Semestre/Semestre%20II%20-%202023/Estructura%20de%20Datos%202/ED2-Apache/Arbol/Arbol/src/arbol/ListaArbolFrec.java</file>
            <file>file:/C:/Users/DCDS/Documents/Universidad-Semestre/Semestre%20II%20-%202023/Estructura%20de%20Datos%202/ED2-Apache/Arbol/Arbol/src/arbol/Nodo.java</file>
            <file>file:/C:/Users/DCDS/Documents/Universidad-Semestre/Semestre%20II%20-%202023/Estructura%20de%20Datos%202/ED2-Apache/Arbol/Arbol/src/arbol/main.java</file>
        </group>
    </open-files>
</project-private>
